category,rating,text
positivo,5,"Sempre fui muito bem atendida, infelizmente, por ser p√∫blico tem a quest√£o da espera prolongada, mas, fora isso, sempre fui atendida por profissionais maravilhosos que amam o que fazem. Obrigada a todos pelo excelente trabalho! Espero que nosso SUS melhore a cada dia."
positivo,5,"Meu pai ficou internado no final de semana e foi muito bem atendido pelas equipes que estavam de plant√£o. Como as visitas est√£o suspensas,todas as vezes que buscavamos informa√ß√£o sobre ele,as t√©cnicas de enfermagem Daniele e  Lenilce foram muito sol√≠citas para nos ajudar...Eternamente grata"
negativo,1,"√â uma falta de considera√ß√£o, estou ligando l√° deis das 08:00 ningu√©m atende"
positivo,5,"Minha m√£e precisou ficar 2 dias internada e foi extremamente bem atendida. Aten√ß√£o e cuidados muito intensos.
Parab√©ns √† equipe da UPA Boqueir√£o."
negativo,1,Ningu√©m atende o telefone! Fiz um exame de Covid e n√£o consigo saber o resultado!!! :/
negativo,1,"N√£o atendem o telefone liguei mais de 20 veses agora para saber de uma paciente se posso buscar pq eles ficaram de me ligar e avisar e at√© agora nada,vou ir l√° n√© pq n√£o atendem,poxa.
Editando: fui e me falaram que tem mais o que fazer do que atender telefonema ,tem muita gente doente ,gente √© um upa as pessoas precisam de informa√ß√£o n√£o √© bem assim uma vez ou outra atender n√£o faz mal n√£o,agora nunca atendem n√£o √© a primeira vez que isso acontece fora que tem v√°rios relatos de outras pessoas que isso aconteceu tamb√©m vou reclamar no 156 isso j√° √© desrespeito."
positivo,5,"Fui na UPA Pinheirinho no auge da segunda onda de Covid aqui em Curitiba. Apesar do local estar bem movimentado devido a pandemia, fui atendido com menos de 40 minutos de espera, um tempo que considero bem r√°pido tendo em vista o SUS estar sobrecarregado. Atendimento muito bem feito desde a recep√ß√£o at√© a enfermeira.
Parab√©ns aos profissionais que trabalham na UPA Pinheirinho!"
negativo,1,"Horr√≠vel... 2 horas para atendimento, os m√©dicos so ficam olhando o celular quando o paciente esta falando, n√£o se importam por a sa√∫de das pessoas e se voc√™ esta m√° tem que exigir o examen m√©dico o eles n√£o faz. Para s√™ professional da sa√∫de ainda precisam aprender MUITO!

Se voc√™ esta m√° de est√¥mago, gripe ou dor no dente, eles colocam so uma inje√ß√£o para tudo. √â uma vergonha."
negativo,1,Miseric√≥rdia para quem vem essa unidade Depois da elei√ß√£o estou aqui desde 12 hora ja s√£o 17 horas e tem 20 pessoas na minha frente... se vc sair para se alimentar e for chamado perde a vez a vai para o final da fila novamente... bom para quem precisa perder peso.
negativo,1,Ningu√©m atende telefone.Est√£o se lixando √†queles que pagam seus sal√°rios. Servi√ßo qualidade padr√£o brasileiro.
negativo,1,"P√©ssimo mas n√£o por causa dos  m√©dicos mas sim pelo descaso dos √≥rg√£os que deveria dar mais apoio bem neste momento, estou deixando aqui meu coment√°rio pois precisei e tive muita decep√ß√£o, √© pagamos por isso se todos come√ßam a falar dos problemas pode ser que tenhamos resultados melhores, for√ßa gente n√£o vamos ficar de bra√ßos cruzados"
negativo,1,"No dia 19/06/20 precisei, ir pois sentia dores fortes no abdome, no mesmo dia ja havia passado por um m√©dico onde trabalho na consulta o dr disse que possivelmente era apendicite que eu precisava realizar mais exames,  me direcionei ate a upa medico de plantao pediu rx e exames laboratoriais ate ent√£o estava estranhei pois apendicite n√£o aparece no rx mais confiei no m√©dico exame de sangue resultado era de 8h par sair o resultado nesse meio tempo eu estava com muitas dores ainda mesmo na medica√ß√£o plantao trocou e a dra que assumiu disse que eu estava bem.precisava apenas fazer lavagem intestinal , fizeram e ela me deu alta fui para casa morrendo de dor passei domingo inteiro com dores na segunda meu esposo me levou no particular fui internada imediatamente e levada para o centro cirurgico passei mais de 4 horas em cirurgia pois eu estava com apendicite supurada dentro de mim lavaram meu abdome gra√ßas ao Hospital S√£o lucas de Curitiba fui salva .se eu fosse depender da rede publica eu estaria morta"
negativo,1,"Muito frustrada, o telefone s√≥ serve como uma conta extra para todos n√≥s pagarmos, porque NINGU√âM atende. Eu desesperada com um paciente internado e ficaram de me ligar se ele fosse transferido ou liberado, quando vejo ele n√£o est√° mais l√°, pegam o telefone da fam√≠lia, para N√ÉO avisar."
negativo,1,"P√©ssimo atendimento, recepcionista de cabelo curto e grisalho extremamente grossa e mal educada, s√≥ ficava  usando o celular e quando ia atender algum paciente n√£o conseguia ter um pingo de educa√ß√£o. Decepcionante. 03/10/20"
negativo,1,Ligar horr√≠vel p√©ssimos profissionais lugar sujo  demora mais de 4 horas  pra ser atendido
negativo,1,"Meu esposo foi essa noite se consultar pois est√° sentindo muita dor no peito, calafrios , e gripe em geral. Fizeram o teste para covid19 deram paracetamol e aziteomicina na receita para tomar, mas na receita diz 1 comp. de 500 MG por dia durante 5 dias e onde entregam o medicamento deram 5 caixas com dois frascos e uma seringa dentro que precisa ser

misturado por√©m na bula dessa caixa diz que √© 200 MG a cada 5 ml"
negativo,1,"Pessima, se vc precisar vc vai morrer!"
positivo,5,"Eu fui atendido no dia 13-12-2020 pelo m√©dico  EIGI RICARDO SUMI. Ele me atendeu muito bem. Os servidores dos medicamentos tamb√©m est√£o de parab√©ns. Estou bem sa√∫de , gra√ßas o alt√≠ssimo n√≠vel de atendimento dos mesmos. Muito obrigado pela aten√ß√£o."
negativo,2,"Cheguei passando mal e a senhora da recep√ß√£o n√£o queria me atender e disse que eu tinha que ir pra a unidade b√°sica de saude pr√≥ximo a minha casa. Um descaso total, como se ela fosse obrigada a atender. N√£o quer trabalhar, fique em casa."
negativo,1,"Total descaso! Desde a recep√ß√£o orienta mal e porcamente os pacientes √† m√©dica que n√£o sabe trocar de luva para atender paciente depois que toma caf√©! Nunca vi tamanho descaso no Upa do Cajuru. A quem interessar, foi de madrugada entre as 2:30 at√© √†s 5:30 que foi o hor√°rio que conseguimos sair de l√°..."
negativo,1,"Funcion√°ria que estava hoje na recep√ß√£o as 20:20. Uma grossa, estava discutindo com outras duas Funcion√°rias, e todos que estavam em minha frente ela negou atendimento, assim como a mim. Eu somente fui aplicar uma benzetacil, pois trabalho ate as 18h e n√£o tenho tempo de ir no posto para aplica√ß√£o como ela sugeriu. Outro ponto que ela nem prestou aten√ß√£o pois estava falando da vida alheia com outros. Eu ja tinha feito aplica√ß√£o na semana passada, hoje seria a ultima dose, ela disse que fizeram errado de terem me aplicado semana passada. Ent√£o todos que me atenderam estavam errados ? Somente ela esta certa?. Somos refens dessa pessoas que prestam um atendimento inferior. Amanh√£ voltarei la,  pois nao tenho op√ß√£o de ir no posto. Espero que a atendente anterior esteja la, pois foi bem melhor o atendimento."
positivo,5,Fui muito bem atendida nesta UPA hoje a tarde demorou um pouco por causa da demanda mas o m√©dico e as enfermeiras verdadeiros anjos
negativo,1,"M√° vontade, pregui√ßa, mal educa√ß√£o (n√£o de todos mas da maioria), era um local at√© razo√°vel mas pelo visto est√° cada dia pior, a gente fala/pergunta pouco e com educa√ß√£o pra n√£o encomodar e recebe mal educa√ß√£o, mas se ""aqui se faz aqui se paga"" que eles sejam cobrados na medida que merecerem. Os vereadores tinham que passar umas 5 horas l√° acompanhando um familiar como aconteceu comigo e com certeza iriam mudar o conceito em rela√ß√£o a esse local e fazer alguma lei que ajude o paciente e n√£o fique s√≥ no papel."
negativo,1,"Muita demora no atendimento.
Essa demora √© independente de ter 100 ou 10 pessoas para serem atendidas."
positivo,5,"Tivemos uma situa√ß√£o verdadeiramente urgente com nosso filho este fim de semana e fomos atendidos muito rapidamente. A triagem nos passou na frente na fila, devido ao grau de urg√™ncia, e fomos logo encaminhandos para a pediatra de plant√£o, que prontamente atendeu nosso filho e pediu um raio-x, o qual tamb√©m foi feito com rapidez, assim como o resultado logo saiu e foi repassado √† pediatria. Ambiente acolhedor nas horas de observa√ß√£o. Acredito que n√£o ter√≠amos sido atendidos t√£o bem e com tanta rapidez em uma unidade de sa√∫de particular."
negativo,1,Mais de 6 horas aguardando atendimento. Os pacientes saem das salas e demoram pra chamar o pr√≥ximo. Descaso total.
negativo,1,"Gente meu Deus,  que neglig√™ncia,  um absurdo pra poder ser consultado tem que pegar uma fixa pra ent√£o poder passar na triagem pra ent√£o depois de horas pode ser consultado em 2 minutos , o problema ent√£o desde o in√≠cio,  s√≥ para pegar a fixa pra poder entrar no upa tem fila  no sol e chuva para os pacientes e pior a fila n√£o anda porque quem deveria fazer o seu trabalho fica ocupado demais girando a cadeira , vendo na sua frente uma crian√ßa de  jogada no tapete do upa 24 hrs e o cara que s√≥ tinha que entregar a fixa rodando a cadeira, eu estava desmaiando dentro do upa e fiquei esperando minha companheira fazer a minha fixa e ela levou 50 minutos s√≥ pra passar o meu nome l√° fora os 25 pra poder passar na triagem, mas problena l√° mesmo foi ver que tinha 3 enfermeiras/m√©dicas enfim n√£o sei tudo convesando ao inv√©s de atender os pessoas , triste , tenho certeza que esses m√©dicos que trabalh√£o ali os seus filhos n√£o usam o sistema p√∫blico"
negativo,2,"Vim com meu pai que estava com problemas nas pernas e a atendo do atendimento ao covid √© em frente o upa. Muitas pessoas pra fora que estavam esperando atendimento do covid sem m√°scaras! Um absurdo, passa funcion√°rios e ningu√©m fiscaliza, nem chama aten√ß√£o! Na sala de espera ( pra quem n√£o estava com covid) tamb√©m pessoas sem m√°scaras ! Ningu√©m fala nada! Guardas municipais passam em frente ,  v√™ o povo sem m√°scara, ningu√©m t√° mais a√≠ com nada !"
negativo,1,"Pior experi√™ncia do mundo , sempre considerei upa Pinhais uma das melhores unidades por esse motivo ontem o meu filho tossindo ,vomitando , e tendo convuls√£o devido febre alta fui correndo para o upa , onde tive que enfrentar uma fila imensa para fazer ficha enquanto meu filho de 1 aninho se tremia virando os olhos no bra√ßo tendo convuls√£o devido febre alta , quando fomos atendidos a m√©dica receitou um medicamento muito forte onde a veia dele estourava todo momento , enfermeiros que colocaram o medicamento furaram meu filho mais de 4 vezes , e disseram que a m√©dica podia ter receitado a inje√ß√£o pois seria menos sofrido para a crian√ßa , enfim de tanto judiarem do meu filho abri a porta e sai e voltei para casa sem atendimento descente e resolvi me virar como podia fui numa farm√°cia de um velho amigo farmac√™utico que me ajudou ... Est√° a√≠ minha avalia√ß√£o parab√©ns pela incompet√™ncia...."
positivo,5,"Fui no per√≠odo da tarde com sintomas de vertigem. Fui super bem atendida pelas mo√ßas da recep√ß√£o, que fizeram meu cadastro. A mo√ßa da triagem foi super prestativa e orientou que eu aguardasse o m√©dico chamar, disse que poderia levar 2h j√° que eu estava com a pulseira verde, por√©m, n√£o levou nem 10 min, o m√©dico me atendeu, foi super atencioso, realizou exame f√≠sico e me atendeu de forma humana. Amei o atendimento e a estrutura da UPA!
Recomendo!"
positivo,5,"Precisei ser atendido neste UPA, devido dores extremamente fortes, e fui extremamente bem atendido, meus sinceros elogios aos funcion√°rios desta UPA. Em especial as doutoras Tatiane, Isadora, Ana Carolina, karime, e aos doutores Daniel, Andr√©, Tiago, Ricardo, Mateus e a toda equipe de enfermagem.. profissionais incr√≠veis e atenciosos merecedores de aplausos e de todo o meu cora√ß√£o eu digo: Deus vos aben√ßoe grandemente üôèüôèüôèüôè"
positivo,5,"Cheguem cedo, muito √°lcool nas m√£os, n√£o se toquem, n√£o levem familiares, ambiente extremamente contaminado, muitas pessoas saindo entupadas no oxig√™nio principalmente idosos. Tempo de demora para triagem foi de 4 horas mais 1h30 para atendimento do m√©dico. Evitem aglomera√ß√µes, trabalho em shopping est√° tudo lotado, at√© com idosos. N√£o tem necessidade, fa√ßam compras pela internet. Passem √°lcool nas m√£os e usem m√°scara (levem mais de uma m√°scara)."
negativo,1,"Eu e minha esposa fomos para ser atendidos. E na √°rea cl√≠nica atr√°s da UPA um rapaz solicitou por mais de 20 min um n√∫mero e ningu√©m sequer apareceu. Quando o rapaz chamou mais alto, apareceu uma ""enfermeira"" super alterada xingando o rapaz e chamando a guarda municipal que veio uma mulher que de forma PARCIAL tentou diminuir e at√© intimidar o rapaz que botou pra chorar na frente de todo mundo. Parab√©ns ao guarda que foi literalmente IMPARCIAL diferentemente da sua colega. E a enfermeira que fez isso, fa√ßa um favor a si mesma, v√° pra casa e renuncie sua posi√ß√£o. Parab√©ns as demais enfermeiras que atenderam a mim e minha esposa e aos demais pelo bel√≠ssimo atendimento que deram a todos. A essa enfermeira eu e minha esposa temos vergonha do que a Sra fez com o rapaz √© a guarda municipal digo o mesmo que minha esposa falou "" n√£o √© pq ela √© mulher que ela est√° falando a verdade, ningu√©m tem o direito de humilhar ningu√©m"".

Tudo isso hoje19/09/2020 entre 12h e 13h"
negativo,1,A #prefeituradecuritiba divulga que uma vez que haja leitos e m√©dicos para atender a popula√ß√£o isso significa que n√£o h√° necessidade de hospitais de campanha pois o sistema n√£o entrar√° em colapso. Acredito que uma vez diagnosticado com uma doen√ßa que precise de cuidados especiais e o cidad√£o recebe alta na unidade de sa√∫de. No meu entendimento isso significa sim colapso na sa√∫de p√∫blica.
negativo,1,"Pior atendimento da cidade, 5 horas de espera, enquanto d√∫zias de m√©dicos in√∫teis, esvaziam a garrafa de caf√©, com as pernas pra cima."
positivo,5,"O melhor atendimento que j√° tivemos pelo sus. Parab√©ns a toda equipe m√©dica e o pessoal do atendimento, assistente que liga para os familiares. Meu irm√£o est√° internado faz 3 dias e cuidam muito bem dele chegou com 50% do pulm√£o comprometido e j√° est√° muito melhor. Obrigada se todas equipes fossem assim a sa√∫de seria muito melhor. üëèüèªüëèüèªüëèüèª"
positivo,5,top
positivo,5,"Parab√©ns a equipe de quinta feira excelente atendimento , enfermeiras atendentes eis m√©dicos."
positivo,5,"Apesar de no dia a equipe estar com menos profissionais, o atendimento foi eficiente."
negativo,1,n√£o recomendo a ninguem ir na upa tatuquara √© uma desgra√ßa demoram demais pra atender
positivo,5,"S√≥  tenho elogios √†  equipe. Meu pai foi prontamente atendido  na segunda-feira, j√°  encaminhado para internamento e muito  bem tratado. Equipe atenciosa, sempre calma para nos passar informa√ß√µes  sobre o paciente, solicitos, pacientes. Muuuito obrigada por dar um toque de calmaria nessas situa√ß√µes  turbulentas! Deus aben√ßoe  muito a vida se cada um de vcs!"